drug_a,drug_b,cell_line,synergy
4114,148124,DU-145,-252
4114,249332,DU-145,-235
249332,3902,PC-3,-225
4842,454216,PC-3,-218
119182,123596,DU-145,-214
249332,3902,DU-145,-194
6194,135413520,PC-3,-193
148121,20279,PC-3,-188
2141,454216,PC-3,-186
3011155,444795,DU-145,-180
2907,5799,DU-145,-178
5790,126941,PC-3,-174
4114,3657,DU-145,-172
9887053,454216,PC-3,-169
3950,4212,PC-3,-167
5311,123596,PC-3,-163
104842,657237,DU-145,-159
104842,5394,DU-145,-155
2907,454216,DU-145,-153
119182,3902,DU-145,-150
5311,644241,PC-3,-150
60953,2662,DU-145,-150
5426,249332,DU-145,-149
5746,454216,DU-145,-147
104741,2662,DU-145,-147
5311,2187,PC-3,-146
123608,2733525,DU-145,-145
119182,644241,DU-145,-144
454216,104842,DU-145,-140
387447,20279,PC-3,-140
60953,123596,DU-145,-140
3950,135413520,PC-3,-140
6252,126941,DU-145,-139
387447,148124,PC-3,-139
3011155,644241,DU-145,-136
148124,3902,PC-3,-135
2478,457193,DU-145,-135
5799,249332,PC-3,-135
60749,123596,DU-145,-134
460612,135413520,PC-3,-132
9444,36314,DU-145,-131
5799,20279,PC-3,-130
444795,2662,DU-145,-129
2708,135413520,PC-3,-129
2723601,3385,DU-145,-129
5284616,123596,DU-145,-128
5311,3011155,PC-3,-128
5426,457193,DU-145,-127
60953,249332,DU-145,-125
5284616,644241,PC-3,-123
60953,644241,DU-145,-123
5311,123596,DU-145,-122
6239,5799,DU-145,-121
148124,3011155,PC-3,-121
249332,457193,PC-3,-121
6194,45055483,PC-3,-120
4114,4211,DU-145,-120
4114,119182,DU-145,-120
119182,457193,DU-145,-120
5311,3902,PC-3,-120
3657,249332,PC-3,-119
104842,123596,PC-3,-119
135401907,36314,DU-145,-118
387447,60749,PC-3,-118
3690,454216,DU-145,-117
4211,249332,DU-145,-117
119182,5394,DU-145,-117
3011155,2187,DU-145,-117
3011155,2662,DU-145,-117
20279,457193,DU-145,-116
71384,135413520,PC-3,-116
3385,36462,PC-3,-116
5284616,20279,DU-145,-115
6194,4212,PC-3,-115
4114,6252,DU-145,-115
104842,2187,PC-3,-115
3011155,657237,DU-145,-115
5311,5394,PC-3,-115
5329102,457193,PC-3,-115
5284616,163659,DU-145,-114
4114,104842,DU-145,-114
119182,77082,DU-145,-114
5426,5935,DU-145,-114
126941,5329102,DU-145,-114
135398738,135413520,PC-3,-113
5284616,3657,DU-145,-112
104842,644241,PC-3,-112
249332,457193,DU-145,-112
387447,667490,PC-3,-112
460612,452548,PC-3,-112
135401907,119182,DU-145,-111
60699,20279,PC-3,-111
104842,3902,DU-145,-111
2478,36314,PC-3,-111
2723601,452548,PC-3,-111
5426,657237,DU-145,-110
3011155,123596,DU-145,-110
249332,126941,DU-145,-109
123596,126941,DU-145,-109
4842,5799,DU-145,-108
60749,20279,DU-145,-108
5426,5453,DU-145,-108
5799,148124,PC-3,-108
2708,11683,PC-3,-107
57469,454216,PC-3,-107
135413520,5799,PC-3,-107
3062316,644241,DU-145,-107
5352062,123596,DU-145,-107
3385,4212,PC-3,-106
60749,457193,DU-145,-106
5426,444795,DU-145,-106
406563,123596,DU-145,-106
36314,3902,PC-3,-105
123608,667490,PC-3,-105
123596,20279,DU-145,-105
148121,20279,DU-145,-105
6239,657237,DU-145,-104
119182,60953,DU-145,-104
119182,2662,DU-145,-104
9444,644241,PC-3,-103
5284616,426756,DU-145,-103
5746,657237,DU-145,-103
5746,5799,PC-3,-103
4114,5394,DU-145,-103
104842,123596,DU-145,-103
249332,126941,PC-3,-103
644241,123596,PC-3,-103
2907,457193,PC-3,-102
4212,135413520,PC-3,-102
5426,3657,DU-145,-102
5352062,644241,DU-145,-102
5284616,457193,DU-145,-101
60749,644241,DU-145,-101
2723601,135413520,DU-145,-101
148121,9941095,DU-145,-101
5426,77082,DU-145,-100
2187,123596,DU-145,-100
9703,5790,DU-145,-100
123608,72466,DU-145,-99
5284616,241902,DU-145,-99
119182,454216,DU-145,-99
104842,5394,PC-3,-99
249332,5790,DU-145,-99
5311,2733525,PC-3,-99
72466,5453,PC-3,-98
36462,135413520,PC-3,-98
163659,5352062,PC-3,-98
5746,457193,PC-3,-98
6194,71384,PC-3,-98
2578,36314,PC-3,-98
119182,249332,DU-145,-98
9941095,644241,PC-3,-98
5799,6252,PC-3,-98
135401907,20279,DU-145,-97
123608,2733525,PC-3,-97
5746,667490,DU-145,-97
4114,444795,DU-145,-97
119182,444795,DU-145,-97
126941,6442177,DU-145,-97
2723601,6194,PC-3,-97
5284616,60953,DU-145,-96
4114,163659,DU-145,-96
104842,3011155,DU-145,-96
249332,2662,DU-145,-96
5311,457193,PC-3,-96
5329102,123596,DU-145,-96
5284616,3011155,PC-3,-95
5746,5935,PC-3,-95
2708,62770,PC-3,-95
6194,62770,PC-3,-95
60953,454216,PC-3,-95
126941,9941095,DU-145,-95
148121,60953,DU-145,-95
406563,457193,DU-145,-94
148121,3011155,DU-145,-94
2123,71384,PC-3,-93
3385,5799,PC-3,-93
135398738,62770,PC-3,-93
104842,20279,PC-3,-93
104842,3902,PC-3,-93
387447,657237,PC-3,-93
60953,123596,PC-3,-93
68740,123596,DU-145,-93
406563,457193,PC-3,-93
9444,123596,DU-145,-92
452548,135413520,PC-3,-92
5284616,5394,DU-145,-92
249332,5453,PC-3,-92
3011155,3902,DU-145,-92
6442177,3011155,DU-145,-92
9941095,20279,PC-3,-92
3690,657237,DU-145,-91
77082,657237,DU-145,-91
148124,2187,PC-3,-91
5426,148124,DU-145,-91
104842,5790,PC-3,-91
123596,426756,DU-145,-91
5352062,3011155,DU-145,-91
20279,3902,DU-145,-90
36314,3011155,PC-3,-90
451668,249332,DU-145,-90
3385,452548,PC-3,-90
2907,20279,DU-145,-90
4114,457193,DU-145,-90
5311,444795,PC-3,-90
5352062,2187,DU-145,-90
5284616,657237,DU-145,-89
3657,657237,PC-3,-89
4114,657237,DU-145,-89
3011155,2733525,DU-145,-89
3011155,5394,DU-145,-89
406563,249332,PC-3,-89
5329102,644241,PC-3,-89
9444,123596,PC-3,-88
135398738,3950,PC-3,-88
119182,5453,DU-145,-88
5426,5799,DU-145,-88
387447,6252,PC-3,-88
62770,135413520,PC-3,-88
5453,126941,DU-145,-87
444795,126941,DU-145,-86
2123,62770,PC-3,-86
5284616,5790,DU-145,-86
5284616,2187,DU-145,-86
2708,3950,PC-3,-86
6194,11683,DU-145,-86
249332,6252,PC-3,-86
249332,2662,PC-3,-86
9703,657237,DU-145,-86
9703,5935,DU-145,-86
460612,62770,PC-3,-86
77082,123596,DU-145,-85
123608,5935,DU-145,-85
5284616,3011155,DU-145,-85
9941095,3902,PC-3,-85
460612,36462,PC-3,-85
9444,2187,PC-3,-84
20279,249332,DU-145,-84
2123,11683,PC-3,-84
135398738,60198,PC-3,-84
4114,77082,DU-145,-84
123596,5394,DU-145,-84
2723601,135398738,DU-145,-84
3690,3657,DU-145,-83
77082,249332,PC-3,-83
135401907,457193,DU-145,-83
3657,148124,PC-3,-83
104842,444795,PC-3,-83
11683,60198,PC-3,-83
5329102,5394,DU-145,-83
460612,3950,PC-3,-83
20279,5790,DU-145,-82
657237,2662,DU-145,-82
3657,444795,PC-3,-82
3657,5790,PC-3,-82
119182,657237,DU-145,-82
60749,3011155,DU-145,-82
249332,5453,DU-145,-82
3011155,5453,DU-145,-82
3062316,457193,DU-145,-82
123596,657237,DU-145,-82
2478,657237,DU-145,-82
2478,119182,PC-3,-82
148121,6252,DU-145,-82
460612,3385,PC-3,-82
451668,9444,DU-145,-81
123608,60749,DU-145,-81
5284616,5453,DU-145,-81
119182,5453,PC-3,-81
126941,5311,DU-145,-81
2723601,11683,PC-3,-81
2723601,123631,DU-145,-81
3950,71384,PC-3,-81
135401907,444795,DU-145,-80
5284616,3902,DU-145,-80
6194,3950,PC-3,-80
4114,5935,DU-145,-80
104842,457193,DU-145,-80
68740,5284616,DU-145,-80
126941,3062316,DU-145,-80
406563,20279,DU-145,-80
2723601,62770,PC-3,-80
9444,457193,DU-145,-79
20279,126941,DU-145,-79
5284616,444795,DU-145,-79
6194,11683,PC-3,-79
135398738,135413520,DU-145,-79
104842,5790,DU-145,-79
5311,36314,PC-3,-79
5311,426756,PC-3,-79
9941095,60749,DU-145,-79
644241,3902,DU-145,-79
406563,657237,PC-3,-79
6239,36314,DU-145,-78
5284616,77082,DU-145,-78
2907,5284616,PC-3,-78
5746,444795,PC-3,-78
2708,11683,DU-145,-78
119182,2733525,DU-145,-78
387447,454216,PC-3,-78
5311,60953,DU-145,-78
2723601,2708,DU-145,-78
5284616,5394,PC-3,-77
5394,3902,PC-3,-77
60699,148124,PC-3,-77
3011155,426756,DU-145,-77
5311,457193,DU-145,-77
60953,77082,DU-145,-77
68740,644241,PC-3,-77
6442177,60953,DU-145,-77
644241,5394,PC-3,-77
5352062,249332,DU-145,-77
148121,657237,PC-3,-77
657237,5790,DU-145,-76
2907,4211,DU-145,-76
5790,457193,DU-145,-76
5790,3902,PC-3,-76
4211,2733525,DU-145,-76
104842,457193,PC-3,-76
104842,119182,PC-3,-76
104842,3011155,PC-3,-76
104842,104741,PC-3,-76
68740,457193,DU-145,-76
68740,457193,PC-3,-76
6442177,644241,DU-145,-76
126941,104842,DU-145,-76
2478,9444,PC-3,-76
5329102,3902,PC-3,-76
3950,135413520,DU-145,-76
6239,6252,DU-145,-75
2733525,657237,DU-145,-75
123608,444795,PC-3,-75
5284616,6252,DU-145,-75
4842,454216,DU-145,-75
60749,5394,DU-145,-75
5426,241902,DU-145,-75
5311,60953,PC-3,-75
2723601,3950,PC-3,-75
5352062,644241,PC-3,-75
9703,60749,DU-145,-75
29327,454216,DU-145,-75
72466,5790,DU-145,-74
6239,20279,DU-145,-74
3385,71384,PC-3,-74
5284616,123596,PC-3,-74
119182,163659,DU-145,-74
104842,644241,DU-145,-74
3062316,3902,DU-145,-74
3062316,2662,DU-145,-74
6442177,123596,DU-145,-74
123596,6252,DU-145,-74
5352062,3902,DU-145,-74
29327,3657,DU-145,-74
2123,36462,PC-3,-73
3385,135413520,PC-3,-73
5284616,667490,DU-145,-73
2708,4212,PC-3,-73
3657,36314,DU-145,-73
60953,2187,DU-145,-73
3062316,5453,DU-145,-73
9941095,5352062,DU-145,-73
644241,4211,DU-145,-73
406563,119182,PC-3,-73
5329102,444795,DU-145,-73
443939,5329102,PC-3,-72
2123,452548,PC-3,-72
77082,9444,DU-145,-72
9887053,126941,PC-3,-72
3657,20279,PC-3,-72
3657,2662,DU-145,-72
6194,36462,PC-3,-72
135398738,452548,DU-145,-72
135398738,11683,PC-3,-72
135398738,3950,DU-145,-72
119182,644241,PC-3,-72
60749,667490,DU-145,-72
148124,5394,DU-145,-72
104842,5284616,DU-145,-72
3062316,5352062,DU-145,-72
5352062,241902,DU-145,-72
9703,241902,DU-145,-72
77082,426756,DU-145,-71
135401907,36314,PC-3,-71
454216,5453,PC-3,-71
4114,5799,DU-145,-71
5426,163659,DU-145,-71
3011155,457193,DU-145,-71
9703,5453,DU-145,-71
443939,5453,PC-3,-70
36314,60749,PC-3,-70
2123,135398738,PC-3,-70
2708,2123,DU-145,-70
3011155,3657,DU-145,-70
3011155,4211,DU-145,-70
29327,5453,DU-145,-70
9444,3902,PC-3,-69
77082,148124,PC-3,-69
454216,5352062,PC-3,-69
2578,454216,PC-3,-69
135398738,4212,DU-145,-69
4114,126941,DU-145,-69
5311,2662,PC-3,-69
68740,9941095,PC-3,-69
5329102,3011155,DU-145,-69
5329102,3011155,PC-3,-69
444795,657237,PC-3,-68
444795,3902,DU-145,-68
426756,657237,PC-3,-68
2907,5394,DU-145,-68
5394,457193,DU-145,-68
11683,71384,DU-145,-68
2187,426756,DU-145,-68
68740,123596,PC-3,-68
644241,20279,DU-145,-68
148121,2733525,DU-145,-68
20279,5453,DU-145,-67
36314,426756,PC-3,-67
77082,5790,DU-145,-67
135401907,72466,PC-3,-67
36462,45055483,DU-145,-67
6239,5394,PC-3,-67
2733525,444795,DU-145,-67
119182,5790,DU-145,-67
119182,249332,PC-3,-67
119182,123596,PC-3,-67
60699,657237,PC-3,-67
5426,20279,DU-145,-67
60953,3011155,DU-145,-67
2187,9444,DU-145,-67
9941095,3011155,PC-3,-67
644241,2187,PC-3,-67
2478,5284616,DU-145,-67
2478,5284616,PC-3,-67
2478,5394,PC-3,-67
5329102,457193,DU-145,-67
3950,452548,PC-3,-67
460612,6194,PC-3,-67
5799,426756,PC-3,-67
2123,6194,PC-3,-66
135401907,249332,DU-145,-66
71384,4212,PC-3,-66
3385,45055483,PC-3,-66
135398738,62770,DU-145,-66
5426,4211,DU-145,-66
3011155,657237,PC-3,-66
60953,163659,DU-145,-66
644241,2662,DU-145,-66
406563,9941095,PC-3,-66
2478,126941,DU-145,-66
5329102,6252,PC-3,-66
5329102,2662,DU-145,-66
29327,249332,DU-145,-66
6239,667490,DU-145,-65
71384,45055483,DU-145,-65
3385,6194,PC-3,-65
163659,249332,PC-3,-65
5746,457193,DU-145,-65
5790,2662,PC-3,-65
5394,657237,DU-145,-65
5453,2662,DU-145,-65
6442177,9444,DU-145,-65
406563,123596,PC-3,-65
2478,444795,PC-3,-65
5329102,5311,PC-3,-65
62770,135413520,DU-145,-65
3690,5453,DU-145,-64
657237,3902,PC-3,-64
6239,657237,PC-3,-64
3385,3950,PC-3,-64
426756,444795,DU-145,-64
3657,123596,DU-145,-64
60699,60749,PC-3,-64
5453,3902,DU-145,-64
3011155,104741,DU-145,-64
3062316,123596,DU-145,-64
644241,123596,DU-145,-64
2478,3657,DU-145,-64
62770,71384,DU-145,-64
72466,5284616,PC-3,-63
2123,6194,DU-145,-63
2733525,6252,DU-145,-63
123608,119182,DU-145,-63
3385,135398738,PC-3,-63
426756,444795,PC-3,-63
5746,444795,DU-145,-63
5746,3657,PC-3,-63
6194,123631,PC-3,-63
148124,60953,PC-3,-63
104842,249332,PC-3,-63
6442177,5453,DU-145,-63
6442177,3902,PC-3,-63
29327,77082,DU-145,-63
5799,5453,PC-3,-63
9444,5790,DU-145,-62
443939,20279,PC-3,-62
6239,5935,DU-145,-62
123608,249332,DU-145,-62
454216,5790,DU-145,-62
2708,2123,PC-3,-62
3657,6442177,PC-3,-62
4114,5790,DU-145,-62
241902,3902,DU-145,-62
60699,36314,PC-3,-62
60749,104741,DU-145,-62
148124,2187,DU-145,-62
2187,5453,DU-145,-62
6442177,3011155,PC-3,-62
644241,444795,PC-3,-62
644241,3902,PC-3,-62
406563,60953,PC-3,-62
9444,644241,DU-145,-61
36314,644241,PC-3,-61
135401907,5394,PC-3,-61
135401907,5935,DU-145,-61
6239,77082,DU-145,-61
5746,249332,DU-145,-61
3657,5394,PC-3,-61
60749,123596,PC-3,-61
68740,60953,PC-3,-61
9941095,3902,DU-145,-61
9444,2733525,DU-145,-60
9444,249332,DU-145,-60
72466,6252,PC-3,-60
123608,5453,DU-145,-60
5284616,2187,PC-3,-60
4114,2733525,DU-145,-60
119182,3011155,PC-3,-60
60749,444795,DU-145,-60
60749,3657,DU-145,-60
5453,457193,DU-145,-60
5426,119182,DU-145,-60
5426,104842,DU-145,-60
11683,45055483,DU-145,-60
9941095,2662,DU-145,-60
9941095,123596,DU-145,-60
9703,77082,DU-145,-60
62770,4212,DU-145,-60
72466,104842,PC-3,-59
3385,5799,DU-145,-59
2907,657237,DU-145,-59
241902,5453,DU-145,-59
3011155,163659,DU-145,-59
60953,644241,PC-3,-59
123596,5453,DU-145,-59
644241,5790,PC-3,-59
2478,657237,PC-3,-59
5329102,2733525,DU-145,-59
5329102,3902,DU-145,-59
5329102,3062316,DU-145,-59
148121,36314,DU-145,-59
3950,62770,PC-3,-59
72466,426756,DU-145,-58
77082,2733525,PC-3,-58
135401907,126941,DU-145,-58
2907,5453,DU-145,-58
4211,249332,PC-3,-58
241902,119182,DU-145,-58
60699,241902,PC-3,-58
2187,5394,DU-145,-58
2187,3062316,DU-145,-58
2478,249332,PC-3,-58
3950,71384,DU-145,-58
2123,443939,DU-145,-57
6239,72466,DU-145,-57
6239,457193,DU-145,-57
123608,657237,DU-145,-57
2907,5284616,DU-145,-57
2708,452548,PC-3,-57
4114,5453,DU-145,-57
241902,3062316,DU-145,-57
119182,77082,PC-3,-57
60749,2733525,DU-145,-57
5311,5394,DU-145,-57
5311,119182,PC-3,-57
68740,444795,DU-145,-57
123596,20279,PC-3,-57
123596,444795,PC-3,-57
9941095,60953,DU-145,-57
5329102,9444,PC-3,-57
9703,5394,DU-145,-57
5799,2662,PC-3,-57
5799,123596,PC-3,-57
9444,60953,PC-3,-56
657237,457193,PC-3,-56
77082,2662,DU-145,-56
135401907,657237,DU-145,-56
135401907,163659,DU-145,-56
135401907,119182,PC-3,-56
5746,657237,PC-3,-56
3657,3902,PC-3,-56
57469,2733525,PC-3,-56
2578,457193,PC-3,-56
5453,3902,PC-3,-56
104842,444795,DU-145,-56
3011155,126941,PC-3,-56
5311,6252,PC-3,-56
3062316,249332,DU-145,-56
9941095,457193,PC-3,-56
406563,6252,PC-3,-56
5329102,657237,DU-145,-56
5329102,60749,PC-3,-56
5329102,60953,DU-145,-56
29327,657237,DU-145,-56
657237,6252,DU-145,-55
444795,249332,PC-3,-55
443939,6252,PC-3,-55
2123,60198,DU-145,-55
6239,444795,PC-3,-55
123608,20279,DU-145,-55
123608,457193,DU-145,-55
4842,5284616,DU-145,-55
2907,5935,DU-145,-55
119182,126941,DU-145,-55
148124,5790,PC-3,-55
6252,126941,PC-3,-55
104842,2733525,PC-3,-55
3011155,6252,DU-145,-55
60953,426756,PC-3,-55
2187,644241,DU-145,-55
2478,20279,DU-145,-55
2723601,3385,PC-3,-55
5352062,5394,DU-145,-55
5352062,148124,DU-145,-55
148121,457193,DU-145,-55
9703,126941,DU-145,-55
5799,104842,PC-3,-55
20279,5790,PC-3,-54
3690,667490,DU-145,-54
444795,5790,DU-145,-54
135401907,9444,DU-145,-54
123608,5799,PC-3,-54
439693,60749,PC-3,-54
163659,657237,DU-145,-54
4842,36314,DU-145,-54
5746,4211,PC-3,-54
3657,657237,DU-145,-54
5394,457193,PC-3,-54
135398738,45055483,PC-3,-54
148124,5394,PC-3,-54
5311,241902,PC-3,-54
60953,457193,DU-145,-54
2662,3902,PC-3,-54
6442177,20279,DU-145,-54
406563,60749,PC-3,-54
29327,163659,DU-145,-54
5799,5790,PC-3,-54
36314,20279,PC-3,-53
2123,4212,PC-3,-53
77082,123596,PC-3,-53
135401907,444795,PC-3,-53
3385,60198,PC-3,-53
3657,2733525,PC-3,-53
148124,249332,PC-3,-53
148124,644241,PC-3,-53
104842,119182,DU-145,-53
5311,5453,PC-3,-53
644241,3657,PC-3,-53
406563,2733525,PC-3,-53
2478,443939,PC-3,-53
2478,667490,PC-3,-53
2723601,460612,DU-145,-53
3690,119182,DU-145,-52
6239,444795,DU-145,-52
123608,20279,PC-3,-52
4842,667490,DU-145,-52
5790,457193,PC-3,-52
3657,5352062,PC-3,-52
5394,444795,PC-3,-52
4211,5284616,DU-145,-52
4211,123596,PC-3,-52
119182,444795,PC-3,-52
60749,119182,PC-3,-52
148124,3902,DU-145,-52
5426,5284616,DU-145,-52
3011155,6252,PC-3,-52
3011155,3902,PC-3,-52
60953,457193,PC-3,-52
60953,4211,PC-3,-52
68740,5394,PC-3,-52
68740,3011155,PC-3,-52
3062316,2733525,DU-145,-52
644241,2733525,PC-3,-52
2478,148124,PC-3,-52
20279,5453,PC-3,-51
444795,657237,DU-145,-51
444795,3902,PC-3,-51
123608,3657,DU-145,-51
439693,444795,PC-3,-51
5284616,2733525,DU-145,-51
5284616,457193,PC-3,-51
2907,163659,PC-3,-51
3657,5394,DU-145,-51
6194,216326,PC-3,-51
119182,2187,DU-145,-51
60749,3011155,PC-3,-51
60749,644241,PC-3,-51
5453,126941,PC-3,-51
104741,20279,PC-3,-51
2187,2662,PC-3,-51
2478,444795,DU-145,-51
2723601,135413520,PC-3,-51
5799,9941095,PC-3,-51
9444,3902,DU-145,-50
3690,249332,DU-145,-50
443939,60953,PC-3,-50
72466,644241,DU-145,-50
451668,667490,DU-145,-50
2733525,3902,DU-145,-50
123608,657237,PC-3,-50
3385,11683,PC-3,-50
4842,457193,DU-145,-50
5746,454216,PC-3,-50
3657,6252,DU-145,-50
3657,2662,PC-3,-50
57469,657237,PC-3,-50
4114,60749,DU-145,-50
241902,3902,PC-3,-50
60749,3902,PC-3,-50
148124,20279,PC-3,-50
148124,657237,DU-145,-50
104842,60953,DU-145,-50
5311,3902,DU-145,-50
60953,426756,DU-145,-50
60953,5790,DU-145,-50
11683,135413520,PC-3,-50
6442177,3062316,DU-145,-50
5329102,9941095,DU-145,-50
5329102,644241,DU-145,-50
2723601,135398738,PC-3,-50
3950,216326,PC-3,-50
451668,77082,DU-145,-49
123608,443939,DU-145,-49
3385,62770,PC-3,-49
4842,444795,DU-145,-49
4842,5394,PC-3,-49
2708,3385,PC-3,-49
2708,45055483,DU-145,-49
3657,5311,PC-3,-49
3657,9941095,PC-3,-49
135398738,4212,PC-3,-49
135398738,216326,PC-3,-49
241902,9941095,DU-145,-49
60749,60953,PC-3,-49
60749,3902,DU-145,-49
249332,6252,DU-145,-49
3011155,3657,PC-3,-49
60953,5394,PC-3,-49
2187,457193,DU-145,-49
68740,2662,PC-3,-49
68740,5329102,PC-3,-49
6442177,5311,DU-145,-49
123596,3902,DU-145,-49
644241,2187,DU-145,-49
2723601,71384,DU-145,-49
452548,45055483,PC-3,-48
72466,5790,PC-3,-48
36314,119182,PC-3,-48
77082,5329102,DU-145,-48
6239,126941,DU-145,-48
5284616,77082,PC-3,-48
426756,126941,PC-3,-48
4842,3657,DU-145,-48
4842,148124,PC-3,-48
2907,241902,PC-3,-48
5746,77082,DU-145,-48
5746,2733525,PC-3,-48
5746,667490,PC-3,-48
2141,5394,PC-3,-48
2578,444795,PC-3,-48
135398738,452548,PC-3,-48
60749,457193,PC-3,-48
5426,6252,DU-145,-48
11683,135413520,DU-145,-48
68740,444795,PC-3,-48
6442177,123596,PC-3,-48
406563,3902,DU-145,-48
406563,644241,PC-3,-48
2478,77082,DU-145,-48
9703,444795,DU-145,-48
5799,5394,PC-3,-48
9444,60953,DU-145,-47
3690,6252,DU-145,-47
657237,249332,PC-3,-47
72466,444795,DU-145,-47
2123,123631,PC-3,-47
135401907,5790,PC-3,-47
163659,9941095,PC-3,-47
454216,5352062,DU-145,-47
4842,657237,DU-145,-47
5394,426756,PC-3,-47
57469,148124,PC-3,-47
60749,104741,PC-3,-47
5426,36314,DU-145,-47
60953,3011155,PC-3,-47
2187,2733525,PC-3,-47
2187,644241,PC-3,-47
9941095,60953,PC-3,-47
2478,443939,DU-145,-47
148121,5284616,DU-145,-47
148121,5453,DU-145,-47
3950,45055483,PC-3,-47
29327,444795,DU-145,-47
29327,5935,DU-145,-47
460612,135398738,DU-145,-47
77082,2662,PC-3,-46
135401907,60749,PC-3,-46
123608,444795,DU-145,-46
3385,216326,PC-3,-46
439693,241902,PC-3,-46
426756,126941,DU-145,-46
2907,2733525,DU-145,-46
5746,241902,PC-3,-46
5746,5453,PC-3,-46
2141,3657,PC-3,-46
3657,444795,DU-145,-46
5394,426756,DU-145,-46
4114,5284616,DU-145,-46
241902,6442177,DU-145,-46
119182,457193,PC-3,-46
5453,2662,PC-3,-46
60953,657237,DU-145,-46
3062316,457193,PC-3,-46
9941095,426756,DU-145,-46
2478,241902,PC-3,-46
3950,123631,PC-3,-46
62770,216326,DU-145,-46
29327,119182,DU-145,-46
460612,71384,PC-3,-46
9444,2662,DU-145,-45
444795,5790,PC-3,-45
72466,20279,PC-3,-45
451668,126941,DU-145,-45
426756,3902,DU-145,-45
5746,2733525,DU-145,-45
4211,123596,DU-145,-45
241902,123596,DU-145,-45
119182,20279,PC-3,-45
119182,5394,PC-3,-45
104842,426756,PC-3,-45
3011155,644241,PC-3,-45
60953,3902,PC-3,-45
2187,5284616,DU-145,-45
3062316,3011155,DU-145,-45
9941095,9444,DU-145,-45
644241,657237,PC-3,-45
644241,2662,PC-3,-45
5329102,444795,PC-3,-45
5329102,5790,PC-3,-45
5329102,60953,PC-3,-45
148121,657237,DU-145,-45
460612,60198,PC-3,-45
9444,20279,PC-3,-44
3690,5790,DU-145,-44
657237,5790,PC-3,-44
657237,457193,DU-145,-44
36314,6252,PC-3,-44
451668,119182,DU-145,-44
451668,148124,DU-145,-44
135401907,5394,DU-145,-44
123608,72466,PC-3,-44
123608,5790,PC-3,-44
2708,60198,DU-145,-44
3657,426756,DU-145,-44
3657,249332,DU-145,-44
6194,452548,PC-3,-44
5394,249332,DU-145,-44
4211,657237,PC-3,-44
119182,5790,PC-3,-44
60749,2733525,PC-3,-44
148124,119182,PC-3,-44
104842,6252,PC-3,-44
5311,5284616,PC-3,-44
60198,216326,PC-3,-44
104741,3902,DU-145,-44
3062316,5394,DU-145,-44
9941095,644241,DU-145,-44
406563,426756,PC-3,-44
2478,2733525,DU-145,-44
5329102,123596,PC-3,-44
5352062,119182,DU-145,-44
72466,657237,PC-3,-43
2123,5799,DU-145,-43
135401907,5453,PC-3,-43
6239,72466,PC-3,-43
3385,135398738,DU-145,-43
5284616,3902,PC-3,-43
454216,3902,DU-145,-43
5746,6252,PC-3,-43
5746,104842,PC-3,-43
5394,2733525,PC-3,-43
4211,3062316,PC-3,-43
135398738,45055483,DU-145,-43
148124,457193,PC-3,-43
148124,60749,PC-3,-43
104842,36314,PC-3,-43
104842,5284616,PC-3,-43
104842,104741,DU-145,-43
5311,444795,DU-145,-43
60953,5790,PC-3,-43
60953,104741,DU-145,-43
104741,123596,DU-145,-43
2187,5790,DU-145,-43
2187,119182,PC-3,-43
68740,657237,DU-145,-43
3062316,20279,DU-145,-43
6442177,5790,DU-145,-43
126941,5352062,DU-145,-43
406563,5394,PC-3,-43
2723601,460612,PC-3,-43
148121,5329102,DU-145,-43
3950,36462,PC-3,-43
460612,36462,DU-145,-43
9444,3011155,PC-3,-42
3690,5935,DU-145,-42
443939,119182,PC-3,-42
443939,9941095,DU-145,-42
2733525,3902,PC-3,-42
3385,11683,DU-145,-42
439693,454216,PC-3,-42
4842,5790,PC-3,-42
4842,5394,DU-145,-42
4842,667490,PC-3,-42
2708,443939,PC-3,-42
2578,4211,PC-3,-42
135398738,71384,DU-145,-42
241902,5352062,DU-145,-42
60749,77082,PC-3,-42
148124,241902,PC-3,-42
5311,104842,PC-3,-42
60953,104741,PC-3,-42
3062316,657237,DU-145,-42
3062316,444795,DU-145,-42
6442177,119182,DU-145,-42
123596,249332,PC-3,-42
9941095,3011155,DU-145,-42
406563,5329102,PC-3,-42
2478,72466,PC-3,-42
2478,163659,DU-145,-42
2478,60749,DU-145,-42
3950,216326,DU-145,-42
29327,457193,DU-145,-42
460612,3385,DU-145,-42
9444,36314,PC-3,-41
452548,216326,DU-145,-41
36314,457193,PC-3,-41
451668,457193,DU-145,-41
135401907,241902,DU-145,-41
135401907,249332,PC-3,-41
123608,148124,PC-3,-41
426756,249332,PC-3,-41
119182,426756,DU-145,-41
60749,657237,DU-145,-41
148124,20279,DU-145,-41
135413520,123631,DU-145,-41
5311,644241,DU-145,-41
60953,241902,DU-145,-41
60953,667490,PC-3,-41
2187,3902,PC-3,-41
2662,126941,PC-3,-41
3062316,60953,DU-145,-41
6442177,104842,DU-145,-41
9941095,2662,PC-3,-41
644241,657237,DU-145,-41
2478,5935,DU-145,-41
3950,452548,DU-145,-41
9444,444795,PC-3,-40
3690,5394,DU-145,-40
657237,5453,DU-145,-40
444795,20279,PC-3,-40
443939,444795,PC-3,-40
443939,426756,PC-3,-40
439693,119182,PC-3,-40
5284616,657237,PC-3,-40
5284616,249332,PC-3,-40
2907,5790,PC-3,-40
5746,5394,PC-3,-40
3657,123596,PC-3,-40
6194,135413520,DU-145,-40
4114,667490,DU-145,-40
119182,426756,PC-3,-40
60699,5799,PC-3,-40
60749,2187,PC-3,-40
148124,5453,PC-3,-40
5426,5394,DU-145,-40
104741,5311,PC-3,-40
68740,644241,DU-145,-40
3062316,426756,DU-145,-40
9941095,2733525,PC-3,-40
406563,20279,PC-3,-40
2478,20279,PC-3,-40
2478,5799,PC-3,-40
5352062,5284616,DU-145,-40
9703,20279,DU-145,-40
3950,123631,DU-145,-40
5799,119182,PC-3,-40
135401907,2733525,DU-145,-39
135401907,148124,DU-145,-39
6239,249332,PC-3,-39
439693,5394,PC-3,-39
5284616,644241,DU-145,-39
4842,5935,PC-3,-39
4211,148124,PC-3,-39
241902,457193,PC-3,-39
104842,20279,DU-145,-39
104741,3902,PC-3,-39
68740,119182,DU-145,-39
6442177,6252,PC-3,-39
126941,5352062,PC-3,-39
644241,444795,DU-145,-39
644241,3657,DU-145,-39
406563,9941095,DU-145,-39
2723601,3950,DU-145,-39
148121,6252,PC-3,-39
460612,45055483,PC-3,-39
5799,5329102,PC-3,-39
443939,5394,PC-3,-38
443939,5453,DU-145,-38
2123,135398738,DU-145,-38
77082,9941095,PC-3,-38
3385,135413520,DU-145,-38
439693,3657,PC-3,-38
163659,5394,DU-145,-38
454216,119182,PC-3,-38
4842,77082,DU-145,-38
2907,3657,PC-3,-38
2141,2733525,PC-3,-38
2708,36462,PC-3,-38
4211,20279,PC-3,-38
2578,126941,PC-3,-38
119182,3657,PC-3,-38
60749,2187,DU-145,-38
5426,5790,DU-145,-38
5311,60749,PC-3,-38
5311,249332,DU-145,-38
60953,2187,PC-3,-38
60953,667490,DU-145,-38
2187,657237,DU-145,-38
6442177,2662,DU-145,-38
126941,104842,PC-3,-38
123596,5790,PC-3,-38
2478,5790,PC-3,-38
9444,3011155,DU-145,-37
20279,6252,DU-145,-37
444795,6252,DU-145,-37
2123,11683,DU-145,-37
77082,5311,PC-3,-37
77082,3902,PC-3,-37
135401907,5799,DU-145,-37
439693,104842,PC-3,-37
454216,644241,DU-145,-37
9887053,148124,PC-3,-37
57469,5394,PC-3,-37
241902,249332,DU-145,-37
119182,667490,PC-3,-37
45055483,5799,PC-3,-37
148124,6252,DU-145,-37
104842,2662,PC-3,-37
3011155,5394,PC-3,-37
3011155,123596,PC-3,-37
123631,216326,DU-145,-37
2187,5311,DU-145,-37
68740,426756,PC-3,-37
644241,5453,DU-145,-37
406563,5311,PC-3,-37
2723601,443939,PC-3,-37
5352062,60953,DU-145,-37
5352062,2662,DU-145,-37
29327,148124,DU-145,-37
5799,6442177,PC-3,-37
657237,20279,PC-3,-36
443939,249332,PC-3,-36
72466,123596,DU-145,-36
2123,60198,PC-3,-36
123608,5284616,DU-145,-36
5284616,3657,PC-3,-36
163659,123596,DU-145,-36
454216,9941095,DU-145,-36
4842,5935,DU-145,-36
2907,9444,PC-3,-36
2907,2733525,PC-3,-36
9887053,60749,PC-3,-36
5746,36314,PC-3,-36
5746,5790,DU-145,-36
5394,2662,DU-145,-36
4211,5394,DU-145,-36
2578,5453,PC-3,-36
119182,667490,DU-145,-36
60953,5453,PC-3,-36
11683,3950,PC-3,-36
68740,657237,PC-3,-36
3062316,3011155,PC-3,-36
6442177,3902,DU-145,-36
123596,657237,PC-3,-36
9941095,444795,DU-145,-36
2478,241902,DU-145,-36
2478,60749,PC-3,-36
9703,667490,DU-145,-36
9444,5394,PC-3,-35
3690,126941,DU-145,-35
72466,36314,PC-3,-35
135401907,20279,PC-3,-35
135401907,443939,DU-145,-35
135401907,5284616,PC-3,-35
135401907,104842,PC-3,-35
123608,126941,DU-145,-35
3385,123631,PC-3,-35
426756,2662,DU-145,-35
2907,36314,PC-3,-35
2907,119182,DU-145,-35
2141,444795,PC-3,-35
4211,6252,DU-145,-35
2578,5799,PC-3,-35
4114,241902,DU-145,-35
104842,6252,DU-145,-35
60953,77082,PC-3,-35
60953,5394,DU-145,-35
104741,119182,PC-3,-35
3062316,6252,DU-145,-35
3062316,104842,PC-3,-35
123596,3902,PC-3,-35
644241,5394,DU-145,-35
644241,4211,PC-3,-35
644241,241902,PC-3,-35
406563,3011155,DU-145,-35
2478,104842,PC-3,-35
2478,5799,DU-145,-35
5329102,5453,PC-3,-35
5329102,5352062,DU-145,-35
9444,5394,DU-145,-34
9444,104741,DU-145,-34
3690,444795,DU-145,-34
657237,5453,PC-3,-34
657237,3902,DU-145,-34
72466,119182,DU-145,-34
2123,71384,DU-145,-34
135401907,77082,DU-145,-34
2733525,5453,DU-145,-34
426756,5790,PC-3,-34
454216,9444,DU-145,-34
454216,5394,PC-3,-34
2708,45055483,PC-3,-34
2708,135413520,DU-145,-34
135398738,60198,DU-145,-34
241902,60749,DU-145,-34
119182,241902,DU-145,-34
119182,3902,PC-3,-34
45055483,216326,DU-145,-34
104842,60953,PC-3,-34
135413520,60198,DU-145,-34
5311,9444,DU-145,-34
104741,5352062,PC-3,-34
123596,5790,DU-145,-34
9941095,123596,PC-3,-34
644241,2733525,DU-145,-34
5329102,119182,PC-3,-34
29327,20279,DU-145,-34
444795,6252,PC-3,-33
452548,135413520,DU-145,-33
36314,657237,PC-3,-33
77082,5352062,PC-3,-33
2733525,444795,PC-3,-33
123608,6252,DU-145,-33
439693,163659,PC-3,-33
426756,5453,PC-3,-33
5746,20279,PC-3,-33
5790,5453,PC-3,-33
5394,2662,PC-3,-33
5394,126941,PC-3,-33
4211,426756,PC-3,-33
60699,6252,PC-3,-33
148124,241902,DU-145,-33
3011155,667490,DU-145,-33
60953,3657,PC-3,-33
60953,6252,PC-3,-33
104741,5329102,PC-3,-33
2187,119182,DU-145,-33
68740,3011155,DU-145,-33
460612,4212,PC-3,-33
460612,135398738,PC-3,-33
460612,45055483,DU-145,-33
460612,5799,PC-3,-33
20279,6252,PC-3,-32
20279,249332,PC-3,-32
443939,5790,PC-3,-32
443939,5394,DU-145,-32
443939,9941095,PC-3,-32
135401907,163659,PC-3,-32
135401907,3657,DU-145,-32
135401907,6252,DU-145,-32
6239,20279,PC-3,-32
2907,444795,PC-3,-32
2907,4211,PC-3,-32
2907,5799,PC-3,-32
5746,148124,PC-3,-32
3657,3062316,DU-145,-32
241902,444795,DU-145,-32
148124,6252,PC-3,-32
6252,5790,PC-3,-32
104842,241902,PC-3,-32
5311,2662,DU-145,-32
2187,5394,PC-3,-32
2187,5453,PC-3,-32
68740,104842,DU-145,-32
68740,2662,DU-145,-32
3062316,9444,DU-145,-32
3062316,148124,DU-145,-32
3062316,644241,PC-3,-32
644241,163659,PC-3,-32
644241,667490,DU-145,-32
2478,4211,PC-3,-32
2478,6252,PC-3,-32
29327,5790,DU-145,-32
29327,6252,DU-145,-32
460612,135413520,DU-145,-32
5799,644241,PC-3,-32
443939,2662,DU-145,-31
2123,3385,PC-3,-31
135401907,5453,DU-145,-31
36462,45055483,PC-3,-31
6239,9444,PC-3,-31
426756,2733525,PC-3,-31
454216,5284616,PC-3,-31
2907,5453,PC-3,-31
9887053,20279,PC-3,-31
5746,5790,PC-3,-31
5394,6252,PC-3,-31
135398738,36462,DU-145,-31
5426,2733525,DU-145,-31
104842,148124,DU-145,-31
5311,657237,PC-3,-31
644241,77082,PC-3,-31
644241,126941,DU-145,-31
406563,5453,PC-3,-31
406563,3011155,PC-3,-31
460612,2123,DU-145,-31
460612,60198,DU-145,-31
72466,457193,PC-3,-30
72466,5394,PC-3,-30
72466,148124,PC-3,-30
123608,454216,DU-145,-30
4842,60749,PC-3,-30
5746,119182,PC-3,-30
5746,60749,PC-3,-30
2141,77082,PC-3,-30
3657,5329102,PC-3,-30
119182,241902,PC-3,-30
60699,126941,PC-3,-30
60749,119182,DU-145,-30
60749,2662,DU-145,-30
104842,2662,DU-145,-30
3011155,444795,PC-3,-30
60953,20279,PC-3,-30
60953,249332,PC-3,-30
2187,6442177,DU-145,-30
123596,2662,PC-3,-30
9941095,657237,PC-3,-30
9941095,6252,PC-3,-30
406563,657237,DU-145,-30
5329102,20279,PC-3,-30
5329102,5394,PC-3,-30
2723601,62770,DU-145,-30
9703,2733525,DU-145,-30
9703,3657,DU-145,-30
9444,457193,PC-3,-29
657237,6252,PC-3,-29
72466,6442177,PC-3,-29
451668,5394,DU-145,-29
2123,45055483,DU-145,-29
77082,249332,DU-145,-29
123608,457193,PC-3,-29
123608,5394,PC-3,-29
4842,443939,DU-145,-29
4842,443939,PC-3,-29
2907,444795,DU-145,-29
2907,77082,PC-3,-29
2708,6194,PC-3,-29
6194,45055483,DU-145,-29
6194,3950,DU-145,-29
135398738,11683,DU-145,-29
119182,3011155,DU-145,-29
60699,5935,PC-3,-29
60749,5394,PC-3,-29
60749,241902,PC-3,-29
148124,104741,PC-3,-29
5426,667490,DU-145,-29
5311,148124,PC-3,-29
60953,126941,DU-145,-29
11683,216326,PC-3,-29
2187,657237,PC-3,-29
2187,3902,DU-145,-29
68740,2733525,DU-145,-29
3062316,36314,DU-145,-29
6442177,644241,PC-3,-29
9941095,5453,DU-145,-29
406563,2662,PC-3,-29
5329102,657237,PC-3,-29
5329102,104842,DU-145,-29
148121,457193,PC-3,-29
148121,104842,DU-145,-29
9703,163659,DU-145,-29
3950,60198,DU-145,-29
29327,2733525,DU-145,-29
29327,5284616,DU-145,-29
3690,77082,DU-145,-28
443939,426756,DU-145,-28
72466,9444,PC-3,-28
72466,123596,PC-3,-28
135401907,3657,PC-3,-28
135401907,126941,PC-3,-28
123608,5790,DU-145,-28
426756,6252,PC-3,-28
163659,426756,DU-145,-28
454216,657237,DU-145,-28
4211,5790,DU-145,-28
4211,5453,DU-145,-28
135398738,123631,PC-3,-28
241902,5790,DU-145,-28
241902,119182,PC-3,-28
119182,454216,PC-3,-28
119182,4211,PC-3,-28
60699,72466,PC-3,-28
60749,163659,DU-145,-28
60749,249332,PC-3,-28
3011155,2733525,PC-3,-28
5311,148124,DU-145,-28
68740,5394,DU-145,-28
6442177,657237,DU-145,-28
123596,2733525,DU-145,-28
9941095,426756,PC-3,-28
406563,3902,PC-3,-28
406563,5352062,PC-3,-28
2478,126941,PC-3,-28
5352062,123596,PC-3,-28
9444,2187,DU-145,-27
443939,3011155,DU-145,-27
72466,60749,PC-3,-27
77082,20279,DU-145,-27
77082,6442177,PC-3,-27
77082,5329102,PC-3,-27
36462,135413520,DU-145,-27
36462,60198,PC-3,-27
2733525,126941,PC-3,-27
123608,5284616,PC-3,-27
3385,71384,DU-145,-27
4842,2733525,DU-145,-27
4211,20279,DU-145,-27
241902,5284616,DU-145,-27
60749,77082,DU-145,-27
104842,60749,DU-145,-27
135413520,216326,DU-145,-27
60953,241902,PC-3,-27
60953,6252,DU-145,-27
3062316,20279,PC-3,-27
123596,5394,PC-3,-27
9941095,5394,DU-145,-27
2478,77082,PC-3,-27
5329102,2733525,PC-3,-27
5329102,426756,DU-145,-27
5329102,9941095,PC-3,-27
5352062,444795,DU-145,-27
460612,71384,DU-145,-27
5799,60749,PC-3,-27
444795,126941,PC-3,-26
452548,216326,PC-3,-26
451668,444795,DU-145,-26
135401907,443939,PC-3,-26
6239,249332,DU-145,-26
5284616,20279,PC-3,-26
5284616,426756,PC-3,-26
163659,20279,PC-3,-26
4842,657237,PC-3,-26
4842,148124,DU-145,-26
4212,45055483,PC-3,-26
3657,457193,PC-3,-26
5394,6252,DU-145,-26
4211,36314,DU-145,-26
4211,9941095,DU-145,-26
60699,119182,PC-3,-26
60699,667490,PC-3,-26
3011155,2662,PC-3,-26
5311,249332,PC-3,-26
5311,3011155,DU-145,-26
5311,2187,DU-145,-26
60198,123631,PC-3,-26
2187,20279,DU-145,-26
2187,5311,PC-3,-26
3062316,60749,PC-3,-26
6442177,119182,PC-3,-26
9941095,20279,DU-145,-26
644241,426756,PC-3,-26
406563,5790,PC-3,-26
5329102,5453,DU-145,-26
9703,249332,DU-145,-26
444795,2662,PC-3,-25
443939,9444,DU-145,-25
72466,426756,PC-3,-25
2123,36462,DU-145,-25
135401907,241902,PC-3,-25
135401907,667490,DU-145,-25
6239,5935,PC-3,-25
439693,77082,PC-3,-25
163659,5311,DU-145,-25
5746,20279,DU-145,-25
3657,104842,PC-3,-25
6194,60198,PC-3,-25
5394,3902,DU-145,-25
241902,5394,DU-145,-25
3011155,426756,PC-3,-25
3011155,5790,PC-3,-25
104741,123596,PC-3,-25
104741,5329102,DU-145,-25
2187,5352062,PC-3,-25
2662,126941,DU-145,-25
68740,60953,DU-145,-25
3062316,119182,DU-145,-25
6442177,457193,DU-145,-25
6442177,5394,PC-3,-25
6442177,60749,DU-145,-25
9941095,119182,PC-3,-25
9941095,104842,DU-145,-25
5329102,119182,DU-145,-25
5352062,5790,DU-145,-25
9444,2733525,PC-3,-24
72466,2733525,PC-3,-24
72466,644241,PC-3,-24
451668,454216,DU-145,-24
451668,5453,DU-145,-24
77082,20279,PC-3,-24
77082,5790,PC-3,-24
135401907,5284616,DU-145,-24
5284616,119182,PC-3,-24
5284616,249332,DU-145,-24
426756,2662,PC-3,-24
4842,4211,DU-145,-24
2907,6252,PC-3,-24
2708,460612,PC-3,-24
3657,2733525,DU-145,-24
3657,5790,DU-145,-24
4211,119182,PC-3,-24
4211,6252,PC-3,-24
135398738,71384,PC-3,-24
119182,2733525,PC-3,-24
104842,2733525,DU-145,-24
249332,5790,PC-3,-24
60198,216326,DU-145,-24
2187,123596,PC-3,-24
2187,9941095,DU-145,-24
68740,9941095,DU-145,-24
644241,20279,PC-3,-24
2478,5935,PC-3,-24
148121,249332,DU-145,-24
9703,5284616,DU-145,-24
5799,657237,PC-3,-24
452548,4212,PC-3,-23
452548,60198,PC-3,-23
72466,60953,PC-3,-23
36314,249332,PC-3,-23
451668,657237,DU-145,-23
451668,241902,DU-145,-23
2123,135413520,DU-145,-23
77082,3902,DU-145,-23
36462,5799,PC-3,-23
6239,5799,PC-3,-23
71384,4212,DU-145,-23
123608,60749,PC-3,-23
123608,249332,PC-3,-23
3385,3950,DU-145,-23
426756,3902,PC-3,-23
163659,6442177,DU-145,-23
4842,5790,DU-145,-23
4842,5453,PC-3,-23
5790,3902,DU-145,-23
6194,135398738,PC-3,-23
4211,5453,PC-3,-23
2578,2733525,PC-3,-23
135398738,5799,DU-145,-23
241902,20279,DU-145,-23
60749,444795,PC-3,-23
104842,60749,PC-3,-23
3011155,241902,PC-3,-23
68740,3902,DU-145,-23
6442177,5352062,DU-145,-23
123596,2662,DU-145,-23
2478,457193,PC-3,-23
2723601,4212,DU-145,-23
5352062,2733525,DU-145,-23
5799,36314,PC-3,-23
9444,444795,DU-145,-22
9444,104842,PC-3,-22
443939,60749,PC-3,-22
443939,148124,PC-3,-22
72466,3062316,DU-145,-22
72466,5329102,PC-3,-22
2123,3385,DU-145,-22
135401907,2733525,PC-3,-22
3385,123631,DU-145,-22
5284616,60953,PC-3,-22
454216,644241,PC-3,-22
4842,5453,DU-145,-22
4842,5799,PC-3,-22
5746,249332,PC-3,-22
5394,5790,PC-3,-22
148124,657237,PC-3,-22
104842,2187,DU-145,-22
3011155,5790,DU-145,-22
3011155,5453,PC-3,-22
3062316,5311,DU-145,-22
123596,2733525,PC-3,-22
123596,249332,DU-145,-22
9941095,9444,PC-3,-22
644241,241902,DU-145,-22
644241,6252,PC-3,-22
2723601,443939,DU-145,-22
5352062,3902,PC-3,-22
148121,5790,DU-145,-22
9444,241902,DU-145,-21
9444,119182,PC-3,-21
443939,457193,DU-145,-21
72466,5284616,DU-145,-21
77082,9941095,DU-145,-21
6239,457193,PC-3,-21
2733525,2662,DU-145,-21
426756,657237,DU-145,-21
4842,20279,DU-145,-21
4842,249332,DU-145,-21
3657,9941095,DU-145,-21
57469,444795,PC-3,-21
4211,2662,DU-145,-21
2578,9444,PC-3,-21
2578,5394,PC-3,-21
135398738,216326,DU-145,-21
241902,657237,DU-145,-21
119182,2187,PC-3,-21
3011155,20279,PC-3,-21
3011155,77082,DU-145,-21
60953,2733525,PC-3,-21
60953,2662,PC-3,-21
68740,5790,DU-145,-21
68740,5790,PC-3,-21
3062316,5790,DU-145,-21
6442177,20279,PC-3,-21
6442177,444795,DU-145,-21
123596,126941,PC-3,-21
9941095,5790,DU-145,-21
9941095,5352062,PC-3,-21
644241,77082,DU-145,-21
406563,9444,DU-145,-21
5329102,60749,DU-145,-21
2723601,2123,PC-3,-21
148121,5790,PC-3,-21
36462,216326,DU-145,-20
6239,5453,DU-145,-20
4842,72466,DU-145,-20
4842,241902,PC-3,-20
4842,249332,PC-3,-20
3657,426756,PC-3,-20
4211,3011155,PC-3,-20
241902,5453,PC-3,-20
104741,104842,PC-3,-20
9941095,5394,PC-3,-20
406563,2733525,DU-145,-20
62770,71384,PC-3,-20
460612,11683,DU-145,-20
36314,5790,PC-3,-19
451668,72466,DU-145,-19
451668,6252,DU-145,-19
2123,216326,PC-3,-19
6239,148124,DU-145,-19
71384,135413520,DU-145,-19
123608,104842,PC-3,-19
123608,126941,PC-3,-19
123608,5935,PC-3,-19
439693,148124,PC-3,-19
2708,5799,PC-3,-19
3657,104842,DU-145,-19
5394,444795,DU-145,-19
241902,5790,PC-3,-19
60699,249332,PC-3,-19
104842,5352062,PC-3,-19
60953,444795,PC-3,-19
11683,123631,PC-3,-19
104741,2662,PC-3,-19
104741,644241,PC-3,-19
2187,60749,DU-145,-19
2187,249332,DU-145,-19
6442177,5394,DU-145,-19
123596,6252,PC-3,-19
5329102,6442177,DU-145,-19
2723601,216326,DU-145,-19
5352062,2733525,PC-3,-19
9703,9444,DU-145,-19
29327,241902,DU-145,-19
460612,2123,PC-3,-19
9444,60749,DU-145,-18
657237,2662,PC-3,-18
451668,5284616,DU-145,-18
6239,77082,PC-3,-18
3385,62770,DU-145,-18
454216,60749,DU-145,-18
2907,119182,PC-3,-18
9887053,5394,PC-3,-18
5394,20279,PC-3,-18
2578,241902,PC-3,-18
119182,104741,PC-3,-18
148124,426756,DU-145,-18
148124,426756,PC-3,-18
148124,119182,DU-145,-18
3011155,104741,PC-3,-18
68740,3062316,DU-145,-18
68740,5352062,DU-145,-18
3062316,6252,PC-3,-18
9941095,5453,PC-3,-18
644241,163659,DU-145,-18
5329102,6442177,PC-3,-18
3690,20279,DU-145,-17
443939,5329102,DU-145,-17
72466,249332,PC-3,-17
2123,123631,DU-145,-17
135401907,657237,PC-3,-17
123608,119182,PC-3,-17
439693,20279,PC-3,-17
5284616,2662,DU-145,-17
454216,5790,PC-3,-17
2907,241902,DU-145,-17
5746,72466,DU-145,-17
57469,241902,PC-3,-17
4211,3902,PC-3,-17
4114,20279,DU-145,-17
60699,5790,PC-3,-17
104842,657237,PC-3,-17
104842,148124,PC-3,-17
5311,20279,PC-3,-17
104741,6252,DU-145,-17
2187,104842,PC-3,-17
68740,20279,PC-3,-17
68740,5453,DU-145,-17
3062316,3902,PC-3,-17
6442177,457193,PC-3,-17
9941095,60749,PC-3,-17
406563,9444,PC-3,-17
2478,3657,PC-3,-17
5329102,2662,PC-3,-17
2723601,4212,PC-3,-17
5352062,2187,PC-3,-17
9444,104741,PC-3,-16
443939,657237,DU-145,-16
72466,36314,DU-145,-16
135401907,9444,PC-3,-16
163659,5453,DU-145,-16
2708,3385,DU-145,-16
60699,9444,PC-3,-16
3011155,457193,PC-3,-16
11683,71384,PC-3,-16
68740,60749,PC-3,-16
68740,3062316,PC-3,-16
68740,6442177,PC-3,-16
6442177,60953,PC-3,-16
644241,5453,PC-3,-16
406563,60749,DU-145,-16
2723601,5799,DU-145,-16
443939,644241,DU-145,-15
72466,60749,DU-145,-15
72466,9941095,PC-3,-15
77082,5394,PC-3,-15
2733525,2662,PC-3,-15
123608,443939,PC-3,-15
426756,2733525,DU-145,-15
454216,104842,PC-3,-15
2907,667490,DU-145,-15
4211,60953,PC-3,-15
68740,60749,DU-145,-15
3062316,9444,PC-3,-15
9941095,657237,DU-145,-15
9941095,5311,DU-145,-15
406563,3062316,DU-145,-15
2723601,2123,DU-145,-15
2723601,2708,PC-3,-15
2723601,11683,DU-145,-15
9703,119182,DU-145,-15
9703,6252,DU-145,-15
9444,60749,PC-3,-14
9444,6252,PC-3,-14
3690,2733525,DU-145,-14
71384,60198,PC-3,-14
3385,443939,PC-3,-14
454216,657237,PC-3,-14
2708,4212,DU-145,-14
4211,3062316,DU-145,-14
2578,3657,PC-3,-14
119182,60953,PC-3,-14
119182,2662,PC-3,-14
148124,3011155,DU-145,-14
6252,3902,PC-3,-14
3011155,126941,DU-145,-14
3062316,5284616,DU-145,-14
126941,3062316,PC-3,-14
406563,644241,DU-145,-14
2478,5394,DU-145,-14
2723601,36462,DU-145,-14
148121,123596,DU-145,-14
3950,60198,PC-3,-14
5799,60953,PC-3,-14
72466,9941095,DU-145,-13
135401907,72466,DU-145,-13
135401907,5790,DU-145,-13
135401907,667490,PC-3,-13
6239,2733525,PC-3,-13
6239,3657,PC-3,-13
6239,119182,PC-3,-13
6239,5453,PC-3,-13
439693,5453,PC-3,-13
163659,148124,PC-3,-13
454216,5453,DU-145,-13
5790,5453,DU-145,-13
2708,135398738,DU-145,-13
5394,5453,PC-3,-13
4211,2662,PC-3,-13
4211,5329102,DU-145,-13
2578,5284616,PC-3,-13
241902,20279,PC-3,-13
60749,241902,DU-145,-13
6252,5453,PC-3,-13
104842,36314,DU-145,-13
3011155,4211,PC-3,-13
3011155,2187,PC-3,-13
60953,5453,DU-145,-13
104741,36314,PC-3,-13
104741,3062316,DU-145,-13
3062316,60749,DU-145,-13
6442177,3062316,PC-3,-13
123596,444795,DU-145,-13
9941095,2733525,DU-145,-13
2478,5790,DU-145,-13
62770,45055483,PC-3,-13
20279,3902,PC-3,-12
444795,20279,DU-145,-12
443939,6442177,PC-3,-12
72466,60953,DU-145,-12
135401907,457193,PC-3,-12
6239,36314,PC-3,-12
6239,5790,DU-145,-12
3385,443939,DU-145,-12
163659,6252,DU-145,-12
454216,444795,PC-3,-12
454216,6252,DU-145,-12
2907,249332,PC-3,-12
57469,77082,PC-3,-12
241902,104842,PC-3,-12
45055483,135413520,PC-3,-12
60749,657237,PC-3,-12
60749,426756,PC-3,-12
60749,5453,DU-145,-12
60749,667490,PC-3,-12
6252,457193,PC-3,-12
104842,5453,PC-3,-12
3011155,667490,PC-3,-12
104741,9444,PC-3,-12
104741,3062316,PC-3,-12
2187,9444,PC-3,-12
2187,60953,DU-145,-12
2187,2662,DU-145,-12
68740,5453,PC-3,-12
3062316,60953,PC-3,-12
6442177,5352062,PC-3,-12
148121,3062316,PC-3,-12
460612,123631,PC-3,-12
2123,3950,DU-145,-11
77082,5453,DU-145,-11
6239,443939,PC-3,-11
6239,667490,PC-3,-11
123608,77082,DU-145,-11
123608,77082,PC-3,-11
439693,5284616,PC-3,-11
426756,20279,PC-3,-11
163659,9941095,DU-145,-11
2907,77082,DU-145,-11
2907,5394,PC-3,-11
4212,45055483,DU-145,-11
6194,5799,DU-145,-11
57469,3657,PC-3,-11
2578,60749,PC-3,-11
241902,657237,PC-3,-11
119182,20279,DU-145,-11
104741,657237,PC-3,-11
2187,6442177,PC-3,-11
6442177,426756,DU-145,-11
9941095,104842,PC-3,-11
406563,6442177,DU-145,-11
2723601,123631,PC-3,-11
29327,5394,DU-145,-11
444795,5453,PC-3,-10
72466,444795,PC-3,-10
72466,5311,DU-145,-10
77082,657237,PC-3,-10
135401907,77082,PC-3,-10
135401907,60749,DU-145,-10
6239,241902,DU-145,-10
5284616,4211,DU-145,-10
4842,60749,DU-145,-10
5746,77082,PC-3,-10
2141,148124,PC-3,-10
2708,5799,DU-145,-10
3657,5352062,DU-145,-10
5394,5790,DU-145,-10
119182,6252,DU-145,-10
119182,6252,PC-3,-10
60699,454216,PC-3,-10
60749,5453,PC-3,-10
60749,2662,PC-3,-10
148124,123596,PC-3,-10
104741,36314,DU-145,-10
104741,2733525,PC-3,-10
104741,5790,PC-3,-10
104741,5394,DU-145,-10
104741,644241,DU-145,-10
2187,20279,PC-3,-10
68740,20279,DU-145,-10
68740,104842,PC-3,-10
9941095,5790,PC-3,-10
406563,119182,DU-145,-10
5329102,5790,DU-145,-10
5329102,5311,DU-145,-10
460612,123631,DU-145,-10
3690,9444,DU-145,-9
3690,241902,DU-145,-9
444795,5453,DU-145,-9
443939,20279,DU-145,-9
443939,5284616,PC-3,-9
443939,3011155,PC-3,-9
72466,20279,DU-145,-9
72466,2662,PC-3,-9
77082,444795,PC-3,-9
77082,3062316,DU-145,-9
123608,3657,PC-3,-9
5284616,126941,DU-145,-9
4842,457193,PC-3,-9
9887053,119182,PC-3,-9
5790,126941,DU-145,-9
4212,216326,DU-145,-9
2708,123631,DU-145,-9
3657,3062316,PC-3,-9
4114,9444,DU-145,-9
241902,2662,PC-3,-9
241902,9941095,PC-3,-9
60699,444795,PC-3,-9
104842,241902,DU-145,-9
5311,5284616,DU-145,-9
11683,4212,DU-145,-9
2187,444795,DU-145,-9
2187,426756,PC-3,-9
2187,457193,PC-3,-9
68740,119182,PC-3,-9
68740,249332,PC-3,-9
3062316,5352062,PC-3,-9
2478,2733525,PC-3,-9
148121,3011155,PC-3,-9
9703,4211,DU-145,-9
5799,5284616,PC-3,-9
9444,5284616,PC-3,-8
443939,5790,DU-145,-8
72466,6252,DU-145,-8
6239,2733525,DU-145,-8
6239,454216,DU-145,-8
4842,444795,PC-3,-8
4842,6252,PC-3,-8
9887053,444795,PC-3,-8
5746,72466,PC-3,-8
5746,4211,DU-145,-8
5746,126941,DU-145,-8
2708,216326,DU-145,-8
6194,123631,DU-145,-8
5394,657237,PC-3,-8
4211,5329102,PC-3,-8
241902,36314,PC-3,-8
45055483,60198,PC-3,-8
60749,20279,PC-3,-8
60749,3657,PC-3,-8
5426,9444,DU-145,-8
60953,657237,PC-3,-8
104741,426756,PC-3,-8
2187,3062316,PC-3,-8
2478,163659,PC-3,-8
5329102,104842,PC-3,-8
9444,148124,PC-3,-7
3690,148124,DU-145,-7
72466,6442177,DU-145,-7
451668,3657,DU-145,-7
2123,135413520,PC-3,-7
77082,9444,PC-3,-7
77082,5394,DU-145,-7
6239,60749,PC-3,-7
123608,9444,PC-3,-7
439693,4211,PC-3,-7
5284616,6252,PC-3,-7
163659,6252,PC-3,-7
163659,5453,PC-3,-7
454216,2662,PC-3,-7
4842,5284616,PC-3,-7
2708,135398738,PC-3,-7
4211,426756,DU-145,-7
241902,6252,DU-145,-7
5311,2733525,DU-145,-7
104741,60953,DU-145,-7
2187,6252,PC-3,-7
2187,60953,PC-3,-7
6442177,104842,PC-3,-7
126941,457193,PC-3,-7
9941095,5311,PC-3,-7
406563,104842,PC-3,-7
2478,454216,DU-145,-7
2723601,60198,PC-3,-7
148121,249332,PC-3,-7
29327,72466,DU-145,-7
460612,6194,DU-145,-7
5799,444795,PC-3,-7
72466,249332,DU-145,-6
2123,216326,DU-145,-6
6239,5394,DU-145,-6
6239,126941,PC-3,-6
454216,6252,PC-3,-6
57469,5453,PC-3,-6
2578,148124,PC-3,-6
104741,657237,DU-145,-6
104741,60953,PC-3,-6
2187,60749,PC-3,-6
68740,3902,PC-3,-6
123596,5453,PC-3,-6
9941095,444795,PC-3,-6
9941095,6252,DU-145,-6
9941095,3062316,DU-145,-6
644241,126941,PC-3,-6
406563,6252,DU-145,-6
5352062,5394,PC-3,-6
9444,148124,DU-145,-5
657237,126941,DU-145,-5
452548,45055483,DU-145,-5
443939,657237,PC-3,-5
443939,36314,PC-3,-5
72466,9444,DU-145,-5
72466,119182,PC-3,-5
123608,5394,DU-145,-5
163659,2662,DU-145,-5
4842,119182,DU-145,-5
5746,5284616,DU-145,-5
2708,36462,DU-145,-5
4211,119182,DU-145,-5
241902,9444,PC-3,-5
241902,6252,PC-3,-5
60699,5394,PC-3,-5
60699,4211,PC-3,-5
60699,5453,PC-3,-5
11683,3950,DU-145,-5
104741,20279,DU-145,-5
104741,5284616,DU-145,-5
104741,5284616,PC-3,-5
68740,9444,PC-3,-5
68740,6252,PC-3,-5
2478,4211,DU-145,-5
5329102,6252,DU-145,-5
2723601,5799,PC-3,-5
148121,104842,PC-3,-5
62770,36462,PC-3,-5
460612,5799,DU-145,-5
451668,2733525,DU-145,-4
2123,443939,PC-3,-4
135401907,4211,DU-145,-4
71384,60198,DU-145,-4
123608,9444,DU-145,-4
426756,249332,DU-145,-4
454216,5329102,PC-3,-4
2907,20279,PC-3,-4
2907,454216,PC-3,-4
9887053,249332,PC-3,-4
3657,9444,PC-3,-4
57469,119182,PC-3,-4
4211,9444,DU-145,-4
4211,657237,DU-145,-4
2578,657237,PC-3,-4
123631,216326,PC-3,-4
104741,426756,DU-145,-4
104741,60749,DU-145,-4
3062316,5311,PC-3,-4
460612,443939,PC-3,-4
9444,5352062,DU-145,-3
20279,2662,PC-3,-3
443939,6252,DU-145,-3
451668,60749,DU-145,-3
77082,444795,DU-145,-3
77082,426756,PC-3,-3
6239,5284616,DU-145,-3
6239,163659,PC-3,-3
439693,249332,PC-3,-3
4842,9444,DU-145,-3
57469,60749,PC-3,-3
4211,2733525,PC-3,-3
4114,36314,DU-145,-3
241902,36314,DU-145,-3
5426,126941,DU-145,-3
104741,9941095,PC-3,-3
2662,3902,DU-145,-3
68740,2733525,PC-3,-3
68740,148124,PC-3,-3
3062316,426756,PC-3,-3
3062316,5394,PC-3,-3
6442177,9444,PC-3,-3
5329102,20279,DU-145,-3
443939,104842,DU-145,-2
72466,5394,DU-145,-2
72466,5453,DU-145,-2
36314,3011155,DU-145,-2
77082,5453,PC-3,-2
6239,9444,DU-145,-2
6239,443939,DU-145,-2
123608,6252,PC-3,-2
163659,457193,PC-3,-2
454216,20279,PC-3,-2
9887053,5790,PC-3,-2
9887053,5935,PC-3,-2
4212,216326,PC-3,-2
2708,71384,PC-3,-2
119182,657237,PC-3,-2
119182,4211,DU-145,-2
60749,249332,DU-145,-2
5311,5352062,PC-3,-2
60953,454216,DU-145,-2
2187,36314,PC-3,-2
2187,104842,DU-145,-2
3062316,444795,PC-3,-2
126941,9444,PC-3,-2
406563,5453,DU-145,-2
5352062,5284616,PC-3,-2
29327,667490,DU-145,-2
5799,457193,PC-3,-2
443939,3902,DU-145,-1
72466,657237,DU-145,-1
5284616,5453,PC-3,-1
2907,9444,DU-145,-1
2907,5790,DU-145,-1
2907,60749,PC-3,-1
2907,667490,PC-3,-1
2141,20279,PC-3,-1
4211,3902,DU-145,-1
2578,104842,PC-3,-1
45055483,135413520,DU-145,-1
60953,20279,DU-145,-1
11683,216326,DU-145,-1
11683,5799,DU-145,-1
104741,5790,DU-145,-1
2187,9941095,PC-3,-1
3062316,5453,PC-3,-1
6442177,60749,PC-3,-1
126941,148124,PC-3,-1
2478,104842,DU-145,-1
3950,36462,DU-145,-1
9444,657237,PC-3,0
2733525,5790,DU-145,0
123608,4211,PC-3,0
123608,667490,DU-145,0
3385,216326,DU-145,0
439693,5790,PC-3,0
439693,6252,PC-3,0
163659,123596,PC-3,0
454216,9444,PC-3,0
4842,163659,PC-3,0
5746,119182,DU-145,0
2141,163659,PC-3,0
241902,644241,PC-3,0
241902,5352062,PC-3,0
45055483,123631,DU-145,0
104741,444795,PC-3,0
104741,60749,PC-3,0
126941,5311,PC-3,0
2478,119182,DU-145,0
2478,5453,PC-3,0
29327,5799,DU-145,0
5799,2733525,PC-3,0
443939,644241,PC-3,1
77082,6252,DU-145,1
77082,104842,DU-145,1
6239,5284616,PC-3,1
6239,241902,PC-3,1
71384,45055483,PC-3,1
163659,5394,PC-3,1
454216,426756,PC-3,1
4842,20279,PC-3,1
2907,5935,PC-3,1
5746,5935,DU-145,1
4212,135413520,DU-145,1
2708,3950,DU-145,1
6194,60198,DU-145,1
4211,36314,PC-3,1
2578,20279,PC-3,1
2578,77082,PC-3,1
2578,163659,PC-3,1
2578,667490,PC-3,1
3011155,77082,PC-3,1
135413520,60198,PC-3,1
60953,2733525,DU-145,1
2187,5790,PC-3,1
9941095,119182,DU-145,1
2478,72466,DU-145,1
5329102,36314,PC-3,1
452548,71384,PC-3,2
72466,3011155,PC-3,2
135401907,148124,PC-3,2
3385,4212,DU-145,2
2907,163659,DU-145,2
2907,148124,PC-3,2
2907,104842,DU-145,2
2907,126941,PC-3,2
2141,5453,PC-3,2
4211,644241,DU-145,2
135398738,36462,PC-3,2
11683,123631,DU-145,2
104741,104842,DU-145,2
2187,2733525,DU-145,2
2187,6252,DU-145,2
9444,6252,DU-145,3
72466,3062316,PC-3,3
36314,123596,PC-3,3
2123,45055483,PC-3,3
36462,71384,PC-3,3
3385,45055483,DU-145,3
5284616,119182,DU-145,3
163659,3902,DU-145,3
163659,5329102,DU-145,3
2141,126941,PC-3,3
57469,163659,PC-3,3
57469,104842,PC-3,3
4211,5790,PC-3,3
241902,60749,PC-3,3
6252,5453,DU-145,3
3011155,20279,DU-145,3
104741,5453,PC-3,3
126941,6442177,PC-3,3
2478,667490,DU-145,3
20279,2662,DU-145,4
443939,60953,DU-145,4
443939,5352062,PC-3,4
36314,5790,DU-145,4
2123,452548,DU-145,4
135401907,5799,PC-3,4
6239,4211,PC-3,4
4842,3657,PC-3,4
2907,3657,DU-145,4
9887053,667490,PC-3,4
5746,6252,DU-145,4
5394,20279,DU-145,4
119182,104741,DU-145,4
60699,104842,PC-3,4
3011155,241902,DU-145,4
104741,6252,PC-3,4
2187,36314,DU-145,4
68740,5311,DU-145,4
68740,5329102,DU-145,4
3062316,657237,PC-3,4
6442177,5790,PC-3,4
126941,5329102,PC-3,4
148121,426756,DU-145,4
3950,62770,DU-145,4
460612,11683,PC-3,4
9444,426756,PC-3,5
452548,5799,DU-145,5
72466,5329102,DU-145,5
451668,4211,DU-145,5
2123,3950,PC-3,5
439693,657237,PC-3,5
163659,426756,PC-3,5
4842,2733525,PC-3,5
9887053,72466,PC-3,5
2708,216326,PC-3,5
2578,5935,PC-3,5
241902,3062316,PC-3,5
60699,3657,PC-3,5
6252,2662,PC-3,5
5311,9444,PC-3,5
5311,36314,DU-145,5
68740,426756,DU-145,5
3062316,5790,PC-3,5
126941,5284616,PC-3,5
2723601,452548,DU-145,5
2723601,36462,PC-3,5
5352062,60953,PC-3,5
460612,443939,DU-145,5
5799,3902,PC-3,5
9444,241902,PC-3,6
9444,5453,DU-145,6
443939,119182,DU-145,6
123608,163659,DU-145,6
3385,36462,DU-145,6
454216,3011155,PC-3,6
4842,126941,PC-3,6
9887053,657237,PC-3,6
9887053,104842,PC-3,6
9887053,5799,PC-3,6
2141,60749,PC-3,6
2708,71384,DU-145,6
5426,60749,DU-145,6
3011155,249332,PC-3,6
60953,3902,DU-145,6
104741,2733525,DU-145,6
3062316,36314,PC-3,6
5799,9444,PC-3,6
9444,2662,PC-3,7
135401907,454216,PC-3,7
5284616,241902,PC-3,7
426756,20279,DU-145,7
454216,123596,PC-3,7
4842,119182,PC-3,7
2907,657237,PC-3,7
6194,135398738,DU-145,7
5394,2733525,DU-145,7
4211,3011155,DU-145,7
45055483,216326,PC-3,7
60749,6252,PC-3,7
5311,657237,DU-145,7
5311,241902,DU-145,7
104741,5394,PC-3,7
406563,249332,DU-145,7
148121,60749,PC-3,7
62770,4212,PC-3,7
72466,5311,PC-3,8
77082,5311,DU-145,8
6239,5790,PC-3,8
439693,5935,PC-3,8
439693,5799,PC-3,8
5284616,60749,PC-3,8
4842,9444,PC-3,8
2907,6252,DU-145,8
9887053,6252,PC-3,8
6194,452548,DU-145,8
6194,36462,DU-145,8
4211,60953,DU-145,8
2578,72466,PC-3,8
2578,5790,PC-3,8
241902,5394,PC-3,8
60699,2733525,PC-3,8
68740,249332,DU-145,8
123596,426756,PC-3,8
148121,5394,PC-3,8
9444,5352062,PC-3,9
443939,3062316,PC-3,9
2123,4212,DU-145,9
77082,104842,PC-3,9
135401907,6252,PC-3,9
36462,4212,PC-3,9
439693,126941,PC-3,9
426756,6252,DU-145,9
5746,9444,PC-3,9
6194,71384,DU-145,9
2578,119182,PC-3,9
241902,5311,PC-3,9
241902,2662,DU-145,9
241902,123596,PC-3,9
241902,644241,DU-145,9
119182,163659,PC-3,9
148124,457193,DU-145,9
5311,119182,DU-145,9
68740,6442177,DU-145,9
3062316,119182,PC-3,9
126941,3902,PC-3,9
5329102,9444,DU-145,9
5329102,5284616,PC-3,9
2723601,45055483,DU-145,9
2723601,60198,DU-145,9
5799,5352062,PC-3,9
9444,657237,DU-145,10
443939,60749,DU-145,10
443939,104842,PC-3,10
443939,5311,DU-145,10
77082,457193,PC-3,10
71384,123631,DU-145,10
2733525,5453,PC-3,10
5284616,60749,DU-145,10
454216,249332,DU-145,10
9887053,4211,PC-3,10
3657,5311,DU-145,10
57469,5284616,PC-3,10
60749,4211,PC-3,10
60953,444795,DU-145,10
6442177,2733525,DU-145,10
126941,36314,PC-3,10
644241,667490,PC-3,10
148121,5352062,PC-3,10
9703,104842,DU-145,10
452548,4212,DU-145,11
72466,3902,DU-145,11
2123,62770,DU-145,11
77082,6252,PC-3,11
135401907,4211,PC-3,11
71384,123631,PC-3,11
71384,216326,DU-145,11
123608,241902,DU-145,11
4842,77082,PC-3,11
5746,163659,PC-3,11
2141,5284616,PC-3,11
2141,4211,PC-3,11
241902,104842,DU-145,11
644241,426756,DU-145,11
5329102,5284616,DU-145,11
148121,644241,DU-145,11
62770,216326,PC-3,11
5799,3011155,PC-3,11
452548,60198,DU-145,12
77082,36314,DU-145,12
77082,6442177,DU-145,12
123608,36314,PC-3,12
3385,452548,DU-145,12
163659,5352062,DU-145,12
9887053,241902,PC-3,12
4211,9444,PC-3,12
4211,5284616,PC-3,12
4211,5394,PC-3,12
60749,5790,DU-145,12
11683,452548,PC-3,12
644241,5790,DU-145,12
148121,5453,PC-3,12
9703,36314,DU-145,12
29327,104842,DU-145,12
5799,5311,PC-3,12
443939,5311,PC-3,13
6239,148124,PC-3,13
163659,5790,PC-3,13
163659,5329102,PC-3,13
4842,241902,DU-145,13
135398738,123631,DU-145,13
241902,9444,DU-145,13
241902,426756,DU-145,13
119182,3657,DU-145,13
60699,163659,PC-3,13
2187,249332,PC-3,13
68740,5311,PC-3,13
3062316,148124,PC-3,13
406563,2662,DU-145,13
406563,5352062,DU-145,13
2723601,71384,PC-3,13
36314,5394,PC-3,14
77082,3062316,PC-3,14
123608,241902,PC-3,14
123608,5453,PC-3,14
241902,5311,DU-145,14
2187,444795,PC-3,14
6442177,6252,DU-145,14
406563,104842,DU-145,14
5329102,426756,PC-3,14
9444,20279,DU-145,15
452548,123631,PC-3,15
72466,104842,DU-145,15
36462,443939,PC-3,15
71384,443939,PC-3,15
2733525,20279,PC-3,15
2733525,6252,PC-3,15
3385,60198,DU-145,15
426756,457193,DU-145,15
163659,104842,DU-145,15
454216,3902,PC-3,15
4212,60198,PC-3,15
2708,443939,DU-145,15
3657,20279,DU-145,15
60749,4211,DU-145,15
68740,6252,DU-145,15
6442177,5311,PC-3,15
5352062,454216,DU-145,15
5352062,3011155,PC-3,15
148121,148124,PC-3,15
460612,452548,DU-145,15
36314,20279,DU-145,16
36314,60953,PC-3,16
77082,457193,DU-145,16
77082,5352062,DU-145,16
123608,454216,PC-3,16
4842,72466,PC-3,16
5790,2662,DU-145,16
5394,5453,DU-145,16
5311,5790,PC-3,16
60953,4211,DU-145,16
104741,9941095,DU-145,16
126941,9941095,PC-3,16
5329102,148124,DU-145,16
148121,444795,DU-145,16
9444,5453,PC-3,17
9444,104842,DU-145,17
72466,3011155,DU-145,17
36314,3902,DU-145,17
123608,4211,DU-145,17
2907,72466,DU-145,17
2141,119182,PC-3,17
4211,444795,PC-3,17
148124,5453,DU-145,17
6442177,148124,DU-145,17
148121,60749,DU-145,17
148121,2662,PC-3,17
6239,4211,DU-145,18
71384,216326,PC-3,18
2708,60198,PC-3,18
3657,5453,DU-145,18
4211,444795,DU-145,18
104741,119182,DU-145,18
406563,5311,DU-145,18
5329102,5352062,PC-3,18
148121,36314,PC-3,18
148121,426756,PC-3,18
148121,3902,PC-3,18
148121,5352062,DU-145,18
123608,163659,PC-3,19
5284616,5790,PC-3,19
163659,249332,DU-145,19
4842,163659,DU-145,19
9887053,9444,PC-3,19
9887053,77082,PC-3,19
2141,104842,PC-3,19
241902,3011155,PC-3,19
6252,2662,DU-145,19
406563,60953,DU-145,19
2723601,216326,PC-3,19
148121,6442177,DU-145,19
29327,60749,DU-145,19
452548,36462,PC-3,20
72466,2662,DU-145,20
36314,119182,DU-145,20
135401907,5935,PC-3,20
5284616,667490,PC-3,20
5394,126941,DU-145,20
4211,644241,PC-3,20
60749,126941,DU-145,20
148124,36314,PC-3,20
135413520,216326,PC-3,20
104741,3011155,PC-3,20
2187,3011155,DU-145,20
443939,123596,PC-3,21
72466,3902,PC-3,21
163659,5790,DU-145,21
2708,62770,DU-145,21
2578,6252,PC-3,21
241902,5284616,PC-3,21
148124,644241,DU-145,21
5311,5790,DU-145,21
60198,123631,DU-145,21
104741,9444,DU-145,21
6442177,5284616,DU-145,21
148121,444795,PC-3,21
657237,20279,DU-145,22
443939,249332,DU-145,22
36314,5453,PC-3,22
451668,163659,DU-145,22
439693,2733525,PC-3,22
439693,667490,PC-3,22
163659,6442177,PC-3,22
4212,5799,PC-3,22
2141,241902,PC-3,22
57469,5935,PC-3,22
45055483,60198,DU-145,22
148124,5790,DU-145,22
104741,5311,DU-145,22
6442177,444795,PC-3,22
9941095,3062316,PC-3,22
406563,3062316,PC-3,22
2723601,6194,DU-145,22
5352062,249332,PC-3,22
148121,2662,DU-145,22
3950,5799,DU-145,22
460612,62770,DU-145,22
439693,36314,PC-3,23
163659,9444,PC-3,23
163659,3902,PC-3,23
163659,3062316,DU-145,23
9887053,5453,PC-3,23
5746,3657,DU-145,23
2708,460612,DU-145,23
3657,9444,DU-145,23
4211,9941095,PC-3,23
60749,5790,PC-3,23
148124,60749,DU-145,23
104842,426756,DU-145,23
11683,36462,DU-145,23
11683,36462,PC-3,23
6442177,657237,PC-3,23
6442177,249332,DU-145,23
406563,5790,DU-145,23
6239,60749,DU-145,24
2733525,5790,PC-3,24
163659,104842,PC-3,24
9887053,2733525,PC-3,24
6194,216326,DU-145,24
148124,60953,DU-145,24
387447,163659,PC-3,24
5352062,457193,PC-3,24
5352062,60749,PC-3,24
3690,457193,DU-145,25
3690,4211,DU-145,25
443939,5284616,DU-145,25
36462,216326,PC-3,25
439693,72466,PC-3,25
2907,72466,PC-3,25
60699,77082,PC-3,25
387447,5799,PC-3,25
3062316,104842,DU-145,25
126941,457193,DU-145,25
443939,457193,PC-3,26
77082,2733525,DU-145,26
6239,163659,DU-145,26
454216,9941095,PC-3,26
4842,36314,PC-3,26
3657,3902,DU-145,26
241902,426756,PC-3,26
3011155,249332,DU-145,26
135413520,123631,PC-3,26
68740,148124,DU-145,26
644241,457193,PC-3,26
406563,5284616,DU-145,26
2723601,45055483,PC-3,26
451668,5790,DU-145,27
439693,9444,PC-3,27
4842,104842,PC-3,27
9887053,163659,PC-3,27
6194,62770,DU-145,27
11683,62770,PC-3,27
6442177,426756,PC-3,27
5352062,457193,DU-145,27
148121,5394,DU-145,27
148121,148124,DU-145,27
460612,216326,DU-145,27
5284616,4211,PC-3,28
2907,60749,DU-145,28
57469,4211,PC-3,28
57469,249332,PC-3,28
2578,249332,PC-3,28
148124,5284616,PC-3,28
104741,5352062,DU-145,28
2478,249332,DU-145,28
148121,119182,PC-3,28
3690,163659,DU-145,29
452548,36462,DU-145,29
443939,2662,PC-3,29
36462,123631,DU-145,29
2733525,126941,DU-145,29
5284616,444795,PC-3,29
163659,2733525,DU-145,29
4842,126941,DU-145,29
2907,104842,PC-3,29
5746,126941,PC-3,29
2141,5935,PC-3,29
57469,9444,PC-3,29
57469,20279,PC-3,29
4211,457193,PC-3,29
11683,4212,PC-3,29
6442177,36314,PC-3,29
406563,5394,DU-145,29
406563,148124,PC-3,29
5352062,20279,DU-145,29
2907,249332,DU-145,30
11683,452548,DU-145,30
2187,5329102,PC-3,30
68740,9444,DU-145,30
5352062,444795,PC-3,30
148121,60953,PC-3,30
3690,104842,DU-145,31
451668,20279,DU-145,31
6239,454216,PC-3,31
4842,4211,PC-3,31
9887053,3657,PC-3,31
2141,657237,PC-3,31
57469,126941,PC-3,31
5311,6252,DU-145,31
68740,5352062,PC-3,31
644241,6252,DU-145,31
29327,4211,DU-145,31
3690,5284616,DU-145,32
2141,9444,PC-3,32
241902,6442177,PC-3,32
2478,6252,DU-145,32
5329102,3062316,PC-3,32
9444,5284616,DU-145,33
148124,5284616,DU-145,33
6252,5790,DU-145,33
6442177,5453,PC-3,33
148121,5311,PC-3,33
62770,123631,DU-145,33
451668,5935,DU-145,34
2123,5799,PC-3,34
6239,6252,PC-3,34
3657,457193,DU-145,34
3657,6442177,DU-145,34
148124,2662,PC-3,34
5352062,657237,DU-145,34
5352062,60749,DU-145,34
148121,6442177,PC-3,34
62770,36462,DU-145,34
443939,6442177,DU-145,35
3657,5453,PC-3,35
57469,5790,PC-3,35
57469,667490,PC-3,35
2187,5284616,PC-3,35
406563,426756,DU-145,35
148121,5284616,PC-3,35
62770,452548,DU-145,35
29327,126941,DU-145,35
444795,249332,DU-145,36
3385,6194,DU-145,36
163659,9444,DU-145,36
454216,60749,PC-3,36
454216,2662,DU-145,36
2708,6194,DU-145,36
2187,3011155,PC-3,36
2478,148124,DU-145,36
5352062,426756,DU-145,36
6239,3657,DU-145,37
163659,657237,PC-3,37
104842,5453,DU-145,37
104842,249332,DU-145,37
387447,5790,PC-3,37
2187,5329102,DU-145,37
3062316,249332,PC-3,37
5329102,249332,PC-3,37
148121,2733525,PC-3,37
460612,4212,DU-145,37
5799,3062316,PC-3,37
657237,249332,DU-145,38
2733525,20279,DU-145,38
454216,6442177,DU-145,38
57469,5799,PC-3,38
5311,60749,DU-145,38
148121,9444,PC-3,38
9444,249332,PC-3,39
72466,457193,DU-145,39
36314,5453,DU-145,39
135401907,104842,DU-145,39
426756,5790,DU-145,39
454216,123596,DU-145,39
5746,163659,DU-145,39
4212,60198,DU-145,39
2708,452548,DU-145,39
62770,60198,PC-3,39
460612,216326,PC-3,39
4842,6252,DU-145,40
241902,3011155,DU-145,40
72466,148124,DU-145,41
36462,123631,PC-3,41
163659,444795,PC-3,41
57469,6252,PC-3,41
241902,444795,PC-3,41
5352062,657237,PC-3,41
9444,454216,PC-3,42
20279,457193,PC-3,42
36314,657237,DU-145,42
163659,20279,DU-145,42
241902,249332,PC-3,42
387447,72466,PC-3,42
77082,36314,PC-3,43
60699,5284616,PC-3,43
387447,104842,PC-3,43
36462,4212,DU-145,44
5746,5394,DU-145,44
6194,4212,DU-145,44
57469,72466,PC-3,44
60953,3657,DU-145,44
2187,5352062,DU-145,44
6442177,2662,PC-3,44
406563,444795,PC-3,44
443939,9444,PC-3,45
36314,5284616,DU-145,45
163659,3062316,PC-3,45
5426,454216,DU-145,45
5352062,36314,DU-145,45
3690,60749,DU-145,46
72466,5352062,PC-3,46
6239,119182,DU-145,46
6239,104842,DU-145,46
3657,148124,DU-145,46
3657,6252,PC-3,46
68740,36314,PC-3,46
126941,5284616,DU-145,46
62770,5799,DU-145,46
29327,9444,DU-145,46
460612,3950,DU-145,46
9444,426756,DU-145,47
443939,3902,PC-3,47
36462,71384,DU-145,47
426756,5453,DU-145,47
454216,444795,DU-145,47
62770,60198,DU-145,47
443939,2733525,DU-145,48
443939,3062316,DU-145,48
5284616,454216,DU-145,48
454216,3011155,DU-145,48
148121,3062316,DU-145,48
163659,444795,DU-145,49
5746,60749,DU-145,49
6252,457193,DU-145,49
5426,72466,DU-145,49
104741,3011155,DU-145,49
406563,5284616,PC-3,49
148121,119182,DU-145,49
443939,444795,DU-145,50
36314,5284616,PC-3,50
36314,60749,DU-145,50
426756,457193,PC-3,50
163659,2733525,PC-3,50
5746,241902,DU-145,50
2708,123631,PC-3,50
4211,457193,DU-145,50
443939,148124,DU-145,51
3657,5329102,DU-145,51
644241,249332,PC-3,51
5352062,148124,PC-3,51
452548,123631,DU-145,52
2733525,657237,PC-3,52
123608,104842,DU-145,52
5311,426756,DU-145,52
68740,36314,DU-145,52
36314,426756,DU-145,53
6239,104842,PC-3,53
454216,249332,PC-3,53
148124,444795,PC-3,53
3062316,5284616,PC-3,53
5352062,36314,PC-3,53
4211,148124,DU-145,54
3062316,2733525,PC-3,54
6442177,249332,PC-3,54
2478,5453,DU-145,54
5352062,6252,DU-145,54
148121,5311,DU-145,54
62770,452548,PC-3,54
9444,5790,PC-3,55
443939,123596,DU-145,55
72466,2733525,DU-145,55
451668,104842,DU-145,55
57469,457193,PC-3,55
104741,249332,PC-3,55
148121,644241,PC-3,55
2141,5799,PC-3,56
2662,457193,PC-3,56
6442177,148124,PC-3,56
5352062,5790,PC-3,56
5352062,2662,PC-3,56
9444,119182,DU-145,57
454216,20279,DU-145,57
4211,6442177,PC-3,58
452548,71384,DU-145,59
5746,148124,DU-145,59
387447,77082,PC-3,59
104741,5453,DU-145,59
71384,5799,PC-3,60
454216,5329102,DU-145,60
5352062,241902,PC-3,60
9703,148124,DU-145,60
36314,60953,DU-145,61
6442177,5284616,PC-3,61
5352062,5453,PC-3,61
443939,2733525,PC-3,62
77082,148124,DU-145,62
5746,9444,DU-145,62
3062316,2662,PC-3,62
9941095,6442177,DU-145,63
9887053,36314,PC-3,64
2141,6252,PC-3,64
6252,3902,DU-145,64
3062316,123596,PC-3,64
9941095,457193,DU-145,64
36462,60198,DU-145,65
5284616,2662,PC-3,65
163659,2662,PC-3,65
148124,454216,PC-3,65
5284616,163659,PC-3,66
148121,9941095,PC-3,66
148121,5329102,PC-3,67
444795,457193,PC-3,68
452548,443939,DU-145,68
104741,444795,DU-145,68
2478,9444,DU-145,68
163659,5311,PC-3,69
5329102,249332,DU-145,69
72466,5352062,DU-145,70
148121,123596,PC-3,70
3690,5799,DU-145,71
9887053,5284616,PC-3,71
3690,72466,DU-145,72
5352062,454216,PC-3,73
2141,5790,PC-3,74
60749,426756,DU-145,74
135401907,454216,DU-145,75
9941095,6442177,PC-3,76
123596,457193,PC-3,77
5284616,2733525,PC-3,78
241902,2733525,PC-3,78
104842,5352062,DU-145,78
163659,457193,DU-145,79
2141,249332,PC-3,79
11683,45055483,PC-3,79
5329102,148124,PC-3,79
9444,454216,DU-145,80
454216,2733525,DU-145,80
5746,5284616,PC-3,80
2141,667490,PC-3,80
406563,5329102,DU-145,80
387447,36314,PC-3,81
443939,5352062,DU-145,82
62770,123631,PC-3,83
451668,5799,DU-145,84
5746,5799,DU-145,84
5352062,5453,DU-145,84
36314,2662,PC-3,85
68740,5284616,PC-3,85
5746,36314,DU-145,86
4114,454216,DU-145,86
104741,457193,PC-3,86
5329102,36314,DU-145,86
5746,5453,DU-145,87
148124,36314,DU-145,88
123596,457193,DU-145,88
5352062,119182,PC-3,88
5453,457193,PC-3,89
36314,5394,DU-145,91
36314,249332,DU-145,91
4211,6442177,DU-145,91
387447,5284616,PC-3,91
5311,20279,DU-145,91
5311,104842,DU-145,91
5352062,6252,PC-3,91
36314,457193,DU-145,92
163659,36314,PC-3,92
45055483,123631,PC-3,92
9941095,5284616,DU-145,92
9941095,148124,PC-3,92
4114,72466,DU-145,93
6442177,2733525,PC-3,93
163659,36314,DU-145,96
5311,454216,DU-145,96
36314,2733525,PC-3,97
387447,443939,PC-3,97
2907,36314,DU-145,101
241902,2733525,DU-145,101
644241,457193,DU-145,101
451668,36314,DU-145,102
9703,72466,DU-145,103
2733525,249332,PC-3,104
2141,72466,PC-3,104
2907,148124,DU-145,106
5311,5352062,DU-145,106
4212,123631,PC-3,110
9941095,249332,PC-3,110
406563,148124,DU-145,110
36314,644241,DU-145,111
5394,249332,PC-3,111
148124,249332,DU-145,111
9941095,5284616,PC-3,111
5284616,454216,PC-3,112
29327,36314,DU-145,113
2662,457193,DU-145,114
2141,457193,PC-3,117
4212,123631,DU-145,118
406563,36314,PC-3,119
60749,6252,DU-145,122
148124,2662,DU-145,123
4842,104842,DU-145,126
148124,2733525,PC-3,127
163659,148124,DU-145,130
2907,126941,DU-145,134
2733525,249332,DU-145,136
406563,444795,DU-145,137
454216,457193,DU-145,138
444795,457193,DU-145,140
104741,6442177,DU-145,142
104741,249332,DU-145,144
454216,457193,PC-3,145
148124,123596,DU-145,145
5311,5453,DU-145,152
3690,36314,DU-145,155
9941095,36314,PC-3,157
644241,249332,DU-145,157
36314,444795,PC-3,159
5311,454216,PC-3,161
126941,3902,DU-145,165
9941095,148124,DU-145,168
104741,457193,DU-145,171
3657,36314,PC-3,172
57469,36314,PC-3,172
148124,444795,DU-145,173
9941095,249332,DU-145,177
454216,3062316,PC-3,181
406563,36314,DU-145,185
6442177,36314,DU-145,199
2733525,457193,DU-145,205
5746,104842,DU-145,205
36314,123596,DU-145,225
104741,6442177,PC-3,225
2733525,457193,PC-3,241
148124,104741,DU-145,254
9941095,36314,DU-145,254
36314,2662,DU-145,270
148124,454216,DU-145,280
148124,2733525,DU-145,347
36314,444795,DU-145,365
36314,2733525,DU-145,459
